{"cameraMode":{"drawMode":0,"name":"Shaded","section":"Shading Mode"},"sceneLighting":true,"audioPlay":false,"sceneViewState":{"showFog":true,"showMaterialUpdate":false,"showSkybox":true,"showFlares":true,"showImageEffects":true,"showParticleSystems":true,"showVisualEffectGraphs":true,"m_FxEnabled":true},"in2DMode":false,"pivot":{"x":-0.4942208528518677,"y":1.2537801265716553,"z":-0.26186639070510867},"rotation":{"x":-0.07668635249137879,"y":-0.0352909155189991,"z":0.002716182032600045,"w":-0.9964298605918884},"size":1.5984077453613282,"orthographic":false}