{"cameraMode":{"drawMode":0,"name":"Shaded","section":"Shading Mode"},"sceneLighting":false,"audioPlay":false,"sceneViewState":{"showFog":true,"showMaterialUpdate":false,"showSkybox":false,"showFlares":true,"showImageEffects":true,"showParticleSystems":true},"in2DMode":false,"pivot":{"x":0.06665164977312088,"y":0.2287364900112152,"z":5.764874458312988},"rotation":{"x":0.16068141162395478,"y":0.014803224243223668,"z":-0.0024146176874637605,"w":0.9869009852409363},"size":2.817553997039795,"orthographic":false}