{"cameraMode":{"drawMode":0,"name":"Shaded","section":"Shading Mode"},"sceneLighting":false,"audioPlay":false,"sceneViewState":{"showFog":true,"showMaterialUpdate":false,"showSkybox":false,"showFlares":true,"showImageEffects":true,"showParticleSystems":true},"in2DMode":false,"pivot":{"x":2.174293041229248,"y":0.5509788393974304,"z":-0.03137364983558655},"rotation":{"x":0.05770023912191391,"y":-0.6168822646141052,"z":0.045422736555337909,"w":0.7836239337921143},"size":0.5922217965126038,"orthographic":false}