{"cameraMode":{"drawMode":0,"name":"Shaded","section":"Shading Mode"},"sceneLighting":true,"audioPlay":false,"sceneViewState":{"showFog":true,"showMaterialUpdate":false,"showSkybox":true,"showFlares":true,"showImageEffects":true,"showParticleSystems":true},"in2DMode":false,"pivot":{"x":-6.9214019775390629,"y":-2.450552225112915,"z":7.017566680908203},"rotation":{"x":0.1787402331829071,"y":-0.05604966729879379,"z":0.010198275558650494,"w":0.982252299785614},"size":6.081465721130371,"orthographic":false}