{"cameraMode":{"drawMode":0,"name":"Shaded","section":"Shading Mode"},"sceneLighting":false,"audioPlay":false,"sceneViewState":{"showFog":true,"showMaterialUpdate":false,"showSkybox":true,"showFlares":true,"showImageEffects":true,"showParticleSystems":true},"in2DMode":false,"pivot":{"x":-0.056164734065532687,"y":5.10321569442749,"z":6.391820430755615},"rotation":{"x":0.0479903444647789,"y":0.00511685898527503,"z":-0.0002427650906611234,"w":0.9988347291946411},"size":7.51236629486084,"orthographic":false}