{"cameraMode":{"drawMode":0,"name":"Shaded","section":"Shading Mode"},"sceneLighting":false,"audioPlay":false,"sceneViewState":{"showFog":true,"showMaterialUpdate":false,"showSkybox":true,"showFlares":true,"showImageEffects":true,"showParticleSystems":true},"in2DMode":false,"pivot":{"x":0.368247389793396,"y":0.6590219736099243,"z":0.008099697530269623},"rotation":{"x":-0.10573957860469818,"y":0.7401760816574097,"z":-0.1198282539844513,"w":-0.653145968914032},"size":0.894874632358551,"orthographic":false}