{"cameraMode":{"drawMode":0,"name":"Shaded","section":"Shading Mode"},"sceneLighting":true,"audioPlay":false,"sceneViewState":{"showFog":true,"showMaterialUpdate":true,"showSkybox":true,"showFlares":true,"showImageEffects":true,"showParticleSystems":true},"in2DMode":false,"pivot":{"x":0.6825045943260193,"y":2.313387632369995,"z":-9.707459449768067},"rotation":{"x":0.0198813509196043,"y":0.32227739691734316,"z":-0.006769680418074131,"w":0.9464122653007507},"size":0.7489789128303528,"orthographic":false}