{"cameraMode":{"drawMode":0,"name":"Shaded","section":"Shading Mode"},"sceneLighting":true,"audioPlay":false,"sceneViewState":{"showFog":true,"showMaterialUpdate":true,"showSkybox":true,"showFlares":true,"showImageEffects":true,"showParticleSystems":true},"in2DMode":false,"pivot":{"x":-0.8340476751327515,"y":3.0589709281921388,"z":2.363373279571533},"rotation":{"x":-0.055595800280570987,"y":-0.8044272661209106,"z":0.07625163346529007,"w":-0.58650803565979},"size":1.4958046674728394,"orthographic":false}