{"cameraMode":{"drawMode":0,"name":"Shaded","section":"Shading Mode"},"sceneLighting":false,"audioPlay":false,"sceneViewState":{"showFog":true,"showMaterialUpdate":true,"showSkybox":true,"showFlares":true,"showImageEffects":true,"showParticleSystems":true},"in2DMode":false,"pivot":{"x":3.910752773284912,"y":1.1409912109375,"z":-0.06607800722122193},"rotation":{"x":0.05993188917636871,"y":0.9338495135307312,"z":-0.18736056983470918,"w":0.298712819814682},"size":2.7701494693756105,"orthographic":false}