{"cameraMode":{"drawMode":0,"name":"Shaded","section":"Shading Mode"},"sceneLighting":true,"audioPlay":false,"sceneViewState":{"showFog":true,"showMaterialUpdate":true,"showSkybox":true,"showFlares":true,"showImageEffects":true,"showParticleSystems":true},"in2DMode":false,"pivot":{"x":-74.67984008789063,"y":-34.813621520996097,"z":-248.51800537109376},"rotation":{"x":0.022083064541220666,"y":-0.9769704937934876,"z":0.17022797465324403,"w":0.12674179673194886},"size":309.4388427734375,"orthographic":false}