{"cameraMode":{"drawMode":0,"name":"Shaded","section":"Shading Mode"},"sceneLighting":false,"audioPlay":false,"sceneViewState":{"showFog":true,"showMaterialUpdate":false,"showSkybox":true,"showFlares":true,"showImageEffects":true,"showParticleSystems":true},"in2DMode":false,"pivot":{"x":-0.19330303370952607,"y":0.41003450751304629,"z":-0.6084432601928711},"rotation":{"x":0.02786053903400898,"y":-0.9721352458000183,"z":0.16337844729423524,"w":0.16578420996665955},"size":1.1375577449798585,"orthographic":false}