{"cameraMode":{"drawMode":0,"name":"Shaded","section":"Shading Mode"},"sceneLighting":false,"audioPlay":false,"sceneViewState":{"showFog":true,"showMaterialUpdate":false,"showSkybox":true,"showFlares":true,"showImageEffects":true,"showParticleSystems":true},"in2DMode":false,"pivot":{"x":596.8997802734375,"y":595.9998779296875,"z":0.0},"rotation":{"x":-0.0015943431062623859,"y":0.9978901743888855,"z":-0.02695007063448429,"w":-0.05904608219861984},"size":1976.6685791015625,"orthographic":false}