{"cameraMode":{"drawMode":0,"name":"Shaded","section":"Shading Mode"},"sceneLighting":true,"audioPlay":false,"sceneViewState":{"showFog":true,"showMaterialUpdate":true,"showSkybox":true,"showFlares":true,"showImageEffects":true,"showParticleSystems":true},"in2DMode":false,"pivot":{"x":-1.348542332649231,"y":1.9670406579971314,"z":5.043148994445801},"rotation":{"x":-0.004489135462790728,"y":0.007215104531496763,"z":0.00003312454646220431,"w":0.9999638795852661},"size":19.161645889282228,"orthographic":false}