{"cameraMode":{"drawMode":0,"name":"Shaded","section":"Shading Mode"},"sceneLighting":false,"audioPlay":false,"sceneViewState":{"showFog":true,"showMaterialUpdate":false,"showSkybox":true,"showFlares":true,"showImageEffects":true,"showParticleSystems":true},"in2DMode":false,"pivot":{"x":-0.08361002802848816,"y":0.009850263595581055,"z":-0.059013500809669498},"rotation":{"x":-0.36326196789741518,"y":-0.37553444504737856,"z":0.16300053894519807,"w":-0.8369261622428894},"size":0.15788394212722779,"orthographic":false}