{"cameraMode":{"drawMode":0,"name":"Shaded","section":"Shading Mode"},"sceneLighting":false,"audioPlay":false,"sceneViewState":{"showFog":true,"showMaterialUpdate":false,"showSkybox":true,"showFlares":true,"showImageEffects":true,"showParticleSystems":true},"in2DMode":false,"pivot":{"x":-42.12692642211914,"y":63.00701141357422,"z":-23.054340362548829},"rotation":{"x":0.0005968015175312758,"y":-0.9988993406295776,"z":0.013204374350607396,"w":0.045005593448877338},"size":0.2857840359210968,"orthographic":false}